frame,z_center_m,d_chess_px,z_chess_m,W_est_mm,H_est_mm,err_W_mm,err_H_mm
33,2.491,21,2.491,127.4,221.6,2.4,43.6
34,2.491,21,2.491,129.6,224.7,4.6,46.7
51,2.1796,24,2.1796,77.6,184.1,-47.4,6.1
53,2.2744,23,2.2744,83.1,186.8,-41.9,8.8
58,2.2744,23,2.2744,84.2,198.0,-40.8,20.0
60,2.1796,24,2.1796,107.3,195.2,-17.7,17.2
61,2.1796,24,2.1796,128.0,196.1,3.0,18.1
62,2.1796,24,2.1796,130.3,199.3,5.3,21.3
64,1.9374,27,1.9374,117.4,177.3,-7.6,-0.7
66,2.0924,25,2.0924,128.8,186.0,3.8,8.0
67,2.0924,25,2.0924,128.2,187.9,3.2,9.9
68,1.8682,28,1.8682,77.6,155.2,-47.4,-22.8
69,1.8682,28,1.8682,79.2,158.5,-45.8,-19.5
70,2.0119,26,2.0119,135.9,147.4,10.9,-30.6
73,2.0119,26,2.0119,104.7,188.6,-20.3,10.6
75,1.9374,27,1.9374,103.2,178.6,-21.8,0.6
78,1.6874,31,1.6874,104.7,161.5,-20.3,-16.5
80,1.6347,32,1.6347,102.7,159.8,-22.3,-18.2
81,1.6347,32,1.6347,105.5,162.1,-19.5,-15.9
82,1.8038,29,1.8038,117.6,179.7,-7.4,1.7
83,1.5852,33,1.5852,103.3,160.0,-21.7,-18.0
84,1.5852,33,1.5852,105.3,163.0,-19.7,-15.0
85,1.7437,30,1.7437,116.9,181.6,-8.1,3.6
86,1.5385,34,1.5385,104.4,162.1,-20.6,-15.9
87,1.5385,34,1.5385,104.9,164.5,-20.1,-13.5
88,1.4946,35,1.4946,103.6,160.3,-21.4,-17.7
89,1.4946,35,1.4946,105.2,162.2,-19.8,-15.8
90,1.4946,35,1.4946,105.8,163.2,-19.2,-14.8
91,1.4531,36,1.4531,103.6,161.1,-21.4,-16.9
92,1.4531,36,1.4531,105.2,163.5,-19.8,-14.5
93,1.4138,37,1.4138,104.0,160.2,-21.0,-17.8
94,1.4138,37,1.4138,105.0,160.9,-20.0,-17.1
95,1.3766,38,1.3766,101.1,156.4,-23.9,-21.6
96,1.3766,38,1.3766,104.7,160.3,-20.3,-17.7
97,1.3766,38,1.3766,105.6,161.3,-19.4,-16.7
98,1.3413,39,1.3413,103.9,159.4,-21.1,-18.6
99,1.3413,39,1.3413,105.3,161.1,-19.7,-16.9
100,1.3078,40,1.3078,103.8,159.5,-21.2,-18.5
101,1.3078,40,1.3078,104.8,161.7,-20.2,-16.3
102,1.2759,41,1.2759,102.8,160.0,-22.2,-18.0
103,1.2759,41,1.2759,104.7,159.2,-20.3,-18.8
104,1.2455,42,1.2455,103.9,159.0,-21.1,-19.0
105,1.2165,43,1.2165,103.2,160.1,-21.8,-17.9
106,1.2165,43,1.2165,105.9,164.7,-19.1,-13.3
107,1.1889,44,1.1889,105.8,161.3,-19.2,-16.7
108,1.1889,44,1.1889,107.3,161.7,-17.7,-16.3
109,1.1625,45,1.1625,106.7,160.8,-18.3,-17.2
110,1.1372,46,1.1372,129.1,186.1,4.1,8.1
111,1.1372,46,1.1372,132.7,176.0,7.7,-2.0
112,1.113,47,1.113,131.5,186.5,6.5,8.5
113,1.0898,48,1.0898,131.1,185.0,6.1,7.0
114,1.0676,49,1.0676,146.6,214.3,21.6,36.3
115,1.0462,50,1.0462,129.8,183.6,4.8,5.6
116,1.0462,50,1.0462,131.7,186.1,6.7,8.1
117,1.0257,51,1.0257,131.6,184.5,6.6,6.5
118,1.006,52,1.006,131.0,185.4,6.0,7.4
119,0.987,53,0.987,131.1,184.9,6.1,6.9
120,0.9687,54,0.9687,130.3,184.2,5.3,6.2
121,0.9511,55,0.9511,130.1,183.4,5.1,5.4
122,0.9511,55,0.9511,132.4,186.5,7.4,8.5
123,0.9341,56,0.9341,132.0,186.3,7.0,8.3
124,0.9177,57,0.9177,131.8,186.2,6.8,8.2
125,0.9019,58,0.9019,131.8,186.1,6.8,8.1
126,0.8866,59,0.8866,132.4,186.0,7.4,8.0
127,0.8718,60,0.8718,132.1,185.5,7.1,7.5
128,0.8437,62,0.8437,129.9,182.6,4.9,4.6
129,0.8303,63,0.8303,130.4,182.5,5.4,4.5
130,0.8174,64,0.8174,130.5,182.9,5.5,4.9
131,0.8048,65,0.8048,131.3,184.0,6.3,6.0
132,0.7926,66,0.7926,131.3,183.8,6.3,5.8
133,0.7808,67,0.7808,131.5,184.3,6.5,6.3
134,0.7693,68,0.7693,131.5,184.1,6.5,6.1
135,0.7581,69,0.7581,131.8,184.1,6.8,6.1
136,0.7368,71,0.7368,130.5,182.2,5.5,4.2
137,0.7368,71,0.7368,132.2,185.0,7.2,7.0
138,0.7166,73,0.7166,130.4,182.2,5.4,4.2
139,0.7069,74,0.7069,130.2,181.9,5.2,3.9
140,0.7069,74,0.7069,131.9,182.9,6.9,4.9
141,0.6975,75,0.6975,130.7,181.1,5.7,3.1
142,0.6975,75,0.6975,130.3,180.8,5.3,2.8
143,0.7069,74,0.7069,131.3,182.5,6.3,4.5
144,0.7069,74,0.7069,130.4,180.8,5.4,2.8
145,0.7166,73,0.7166,130.5,181.1,5.5,3.1
146,0.7265,72,0.7265,130.6,181.2,5.6,3.2
147,0.7368,71,0.7368,130.1,180.8,5.1,2.8
148,0.7581,69,0.7581,131.1,183.3,6.1,5.3
149,0.7693,68,0.7693,131.1,182.9,6.1,4.9
150,0.7808,67,0.7808,130.9,181.6,5.9,3.6
151,0.7926,66,0.7926,130.5,181.4,5.5,3.4
152,0.8048,65,0.8048,130.3,181.1,5.3,3.1
153,0.8303,63,0.8303,131.9,184.1,6.9,6.1
154,0.8437,62,0.8437,131.2,183.5,6.2,5.5
155,0.8576,61,0.8576,131.2,183.0,6.2,5.0
156,0.8718,60,0.8718,130.9,182.7,5.9,4.7
157,0.8866,59,0.8866,131.1,183.1,6.1,5.1
158,0.9019,58,0.9019,131.2,183.6,6.2,5.6
159,0.9177,57,0.9177,131.8,184.6,6.8,6.6
160,0.9341,56,0.9341,132.0,185.3,7.0,7.3
161,0.9511,55,0.9511,132.7,185.9,7.7,7.9
162,0.9511,55,0.9511,130.9,183.0,5.9,5.0
163,0.9687,54,0.9687,131.2,184.0,6.2,6.0
164,0.987,53,0.987,132.5,185.4,7.5,7.4
165,0.987,53,0.987,130.7,183.6,5.7,5.6
166,1.006,52,1.006,132.0,185.3,7.0,7.3
167,1.0257,51,1.0257,133.2,187.3,8.2,9.3
168,1.0257,51,1.0257,131.8,185.0,6.8,7.0
169,1.0257,51,1.0257,131.1,183.5,6.1,5.5
170,1.0462,50,1.0462,132.8,185.4,7.8,7.4
171,1.0462,50,1.0462,131.2,184.7,6.2,6.7
172,1.0676,49,1.0676,132.4,186.5,7.4,8.5
173,1.0676,49,1.0676,131.2,184.7,6.2,6.7
174,1.0676,49,1.0676,129.8,183.7,4.8,5.7
175,1.0898,48,1.0898,130.5,185.8,5.5,7.8
176,1.0898,48,1.0898,128.9,183.1,3.9,5.1
177,1.113,47,1.113,128.9,184.7,3.9,6.7
178,1.113,47,1.113,112.7,172.2,-12.3,-5.8
179,1.1372,46,1.1372,104.0,184.8,-21.0,6.8
180,1.1372,46,1.1372,100.7,170.8,-24.3,-7.2
181,1.1625,45,1.1625,102.9,157.4,-22.1,-20.6
182,1.1889,44,1.1889,102.9,160.0,-22.1,-18.0
183,1.1889,44,1.1889,102.6,158.5,-22.4,-19.5
184,1.2165,43,1.2165,101.3,174.3,-23.7,-3.7
185,1.2165,43,1.2165,101.5,156.4,-23.5,-21.6
186,1.2455,42,1.2455,102.6,158.7,-22.4,-19.3
187,1.2759,41,1.2759,103.0,163.2,-22.0,-14.8
188,1.2759,41,1.2759,102.3,159.8,-22.7,-18.2
189,1.3078,40,1.3078,103.3,161.5,-21.7,-16.5
190,1.3078,40,1.3078,101.9,157.6,-23.1,-20.4
191,1.3413,39,1.3413,103.3,161.0,-21.7,-17.0
192,1.3413,39,1.3413,103.4,157.8,-21.6,-20.2
193,1.3766,38,1.3766,104.1,161.3,-20.9,-16.7
194,1.3766,38,1.3766,103.9,159.8,-21.1,-18.2
195,1.4138,37,1.4138,103.1,163.6,-21.9,-14.4
196,1.4138,37,1.4138,103.2,160.3,-21.8,-17.7
197,1.4138,37,1.4138,101.5,159.0,-23.5,-19.0
198,1.4531,36,1.4531,103.3,161.8,-21.7,-16.2
199,1.4531,36,1.4531,102.8,159.6,-22.2,-18.4
200,1.4946,35,1.4946,105.4,161.5,-19.6,-16.5
201,1.4946,35,1.4946,103.7,159.2,-21.3,-18.8
202,1.4946,35,1.4946,102.6,157.8,-22.4,-20.2
203,1.5385,34,1.5385,104.0,160.2,-21.0,-17.8
204,1.5385,34,1.5385,102.7,159.5,-22.3,-18.5
205,1.5852,33,1.5852,103.8,161.5,-21.2,-16.5
206,1.5852,33,1.5852,102.2,161.4,-22.8,-16.6
207,1.8038,29,1.8038,116.5,181.0,-8.5,3.0
208,1.6347,32,1.6347,105.4,161.1,-19.6,-16.9
210,1.6874,31,1.6874,105.4,162.0,-19.6,-16.0
212,1.8682,28,1.8682,103.1,177.8,-21.9,-0.2
213,1.7437,30,1.7437,93.8,168.6,-31.2,-9.4
216,1.8038,29,1.8038,98.0,169.6,-27.0,-8.4
218,2.0119,26,2.0119,111.4,162.5,-13.6,-15.5
219,2.0119,26,2.0119,109.3,167.6,-15.7,-10.4
220,2.0119,26,2.0119,108.0,170.4,-17.0,-7.6
221,2.0119,26,2.0119,128.2,177.8,3.2,-0.2
222,2.0119,26,2.0119,128.1,188.4,3.1,10.4
223,2.0119,26,2.0119,124.0,187.5,-1.0,9.5
224,2.0119,26,2.0119,123.5,187.8,-1.5,9.8
225,1.8682,28,1.8682,99.0,174.6,-26.0,-3.4
226,1.8682,28,1.8682,97.0,174.4,-28.0,-3.6
227,1.8682,28,1.8682,96.9,173.9,-28.1,-4.1
229,1.8682,28,1.8682,97.4,172.9,-27.6,-5.1
230,1.8682,28,1.8682,111.6,170.5,-13.4,-7.5
232,2.0119,26,2.0119,84.9,178.2,-40.1,0.2
234,1.8038,29,1.8038,77.0,163.1,-48.0,-14.9
235,1.8038,29,1.8038,104.8,150.4,-20.2,-27.6
237,1.9374,27,1.9374,83.8,186.1,-41.2,8.1
239,1.7437,30,1.7437,76.9,166.0,-48.1,-12.0
240,1.7437,30,1.7437,102.2,173.3,-22.8,-4.7
241,1.9374,27,1.9374,114.0,191.0,-11.0,13.0
242,1.6874,31,1.6874,76.4,162.3,-48.6,-15.7
244,1.6874,31,1.6874,104.8,165.2,-20.2,-12.8
245,1.6347,32,1.6347,101.4,159.3,-23.6,-18.7
246,1.6347,32,1.6347,103.1,161.0,-21.9,-17.0
247,1.6347,32,1.6347,103.6,163.4,-21.4,-14.6
248,1.5852,33,1.5852,100.7,159.7,-24.3,-18.3
249,1.5852,33,1.5852,101.4,159.5,-23.6,-18.5
250,1.5852,33,1.5852,102.3,162.6,-22.7,-15.4
251,1.5852,33,1.5852,105.7,164.2,-19.3,-13.8
252,1.5385,34,1.5385,103.4,160.9,-21.6,-17.1
253,1.5385,34,1.5385,104.0,161.9,-21.0,-16.1
254,1.4946,35,1.4946,102.1,159.9,-22.9,-18.1
255,1.4946,35,1.4946,103.1,161.9,-21.9,-16.1
256,1.4531,36,1.4531,100.5,160.6,-24.5,-17.4
257,1.4531,36,1.4531,101.9,160.9,-23.1,-17.1
258,1.4138,37,1.4138,100.8,159.2,-24.2,-18.8
259,1.4138,37,1.4138,102.1,161.8,-22.9,-16.2
260,1.3766,38,1.3766,103.4,159.6,-21.6,-18.4
261,1.5385,34,1.5385,116.3,181.4,-8.7,3.4
262,1.3413,39,1.3413,103.8,160.2,-21.2,-17.8
263,1.5385,34,1.5385,117.8,186.2,-7.2,8.2
264,1.3078,40,1.3078,102.4,160.1,-22.6,-17.9
265,1.2759,41,1.2759,100.6,173.4,-24.4,-4.6
266,1.2455,42,1.2455,99.7,172.2,-25.3,-5.8
267,1.4531,36,1.4531,118.1,188.0,-6.9,10.0
268,1.2165,43,1.2165,100.6,161.1,-24.4,-16.9
269,1.4138,37,1.4138,118.5,188.0,-6.5,10.0
270,1.3413,39,1.3413,133.1,182.0,8.1,4.0
271,1.1625,45,1.1625,103.0,173.8,-22.0,-4.2
272,1.1372,46,1.1372,102.2,173.5,-22.8,-4.5
273,1.113,47,1.113,128.7,185.8,3.7,7.8
274,1.0898,48,1.0898,128.7,184.0,3.7,6.0
275,1.0676,49,1.0676,129.5,185.0,4.5,7.0
276,1.0462,50,1.0462,129.7,184.7,4.7,6.7
277,1.0257,51,1.0257,129.4,184.8,4.4,6.8
278,1.006,52,1.006,130.5,185.7,5.5,7.7
279,0.9687,54,0.9687,128.3,183.4,3.3,5.4
280,0.9511,55,0.9511,103.6,185.8,-21.4,7.8
281,0.9341,56,0.9341,129.6,185.7,4.6,7.7
282,0.9019,58,0.9019,128.3,183.1,3.3,5.1
283,0.8866,59,0.8866,129.5,184.3,4.5,6.3
284,0.8576,61,0.8576,128.1,182.8,3.1,4.8
285,0.8303,63,0.8303,127.7,182.3,2.7,4.3
286,0.8174,64,0.8174,129.2,184.4,4.2,6.4
287,0.7926,66,0.7926,128.5,182.7,3.5,4.7
288,0.7693,68,0.7693,128.7,181.9,3.7,3.9
289,0.7473,70,0.7473,128.1,181.2,3.1,3.2
290,0.7265,72,0.7265,128.3,181.3,3.3,3.3
291,0.7069,74,0.7069,127.7,181.0,2.7,3.0
292,0.6883,76,0.6883,127.7,181.1,2.7,3.1
293,0.6622,79,0.6622,126.7,179.0,1.7,1.0
294,0.6458,81,0.6458,126.6,179.3,1.6,1.3
295,0.6302,83,0.6302,127.5,180.2,2.5,2.2
296,0.6083,86,0.6083,126.6,179.3,1.6,1.3
297,0.5878,89,0.5878,125.5,176.9,0.5,-1.1
298,0.5748,91,0.5748,126.4,177.7,1.4,-0.3
299,0.5565,94,0.5565,125.6,175.8,0.6,-2.2
300,0.5449,96,0.5449,126.1,176.3,1.1,-1.7
301,0.5393,97,0.5393,127.8,178.5,2.8,0.5
302,0.5179,101,0.5179,125.6,175.6,0.6,-2.4
303,0.503,104,0.503,124.6,174.2,-0.4,-3.8
304,0.4935,106,0.4935,125.0,174.6,-0.0,-3.4
305,0.4935,106,0.4935,127.4,177.6,2.4,-0.4
306,0.4756,110,0.4756,125.0,173.7,-0.0,-4.3
307,0.4756,110,0.4756,126.9,176.0,1.9,-2.0
308,0.4713,111,0.4713,127.2,176.1,2.2,-1.9
309,0.4671,112,0.4671,126.5,174.9,1.5,-3.1
310,0.4671,112,0.4671,126.7,174.3,1.7,-3.7
311,0.4713,111,0.4713,126.4,173.7,1.4,-4.3
312,0.4799,109,0.4799,126.3,173.8,1.3,-4.2
313,0.4935,106,0.4935,126.5,174.4,1.5,-3.6
314,0.5079,103,0.5079,126.7,174.6,1.7,-3.4
315,0.5284,99,0.5284,127.5,175.5,2.5,-2.5
316,0.5449,96,0.5449,126.9,174.8,1.9,-3.2
317,0.5686,92,0.5686,127.2,176.4,2.2,-1.6
318,0.5878,89,0.5878,126.7,175.4,1.7,-2.6
319,0.6083,86,0.6083,126.2,175.7,1.2,-2.3
320,0.6302,83,0.6302,126.3,176.6,1.3,-1.4
321,0.6622,79,0.6622,128.2,180.1,3.2,2.1
322,0.6794,77,0.6794,126.8,178.4,1.8,0.4
323,0.7069,74,0.7069,127.1,179.0,2.1,1.0
324,0.7368,71,0.7368,128.2,179.8,3.2,1.8
325,0.7581,69,0.7581,127.6,178.9,2.6,0.9
326,0.7926,66,0.7926,129.1,181.6,4.1,3.6
327,0.8174,64,0.8174,128.9,182.3,3.9,4.3
328,0.8437,62,0.8437,129.3,182.3,4.3,4.3
329,0.8576,61,0.8576,127.9,180.9,2.9,2.9
330,0.8866,59,0.8866,128.6,182.3,3.6,4.3
331,0.9177,57,0.9177,129.6,185.8,4.6,7.8
332,0.9341,56,0.9341,128.7,183.5,3.7,5.5
333,0.9511,55,0.9511,127.7,181.6,2.7,3.6
334,0.987,53,0.987,129.1,183.7,4.1,5.7
335,1.006,52,1.006,128.7,182.7,3.7,4.7
336,1.0257,51,1.0257,128.6,181.9,3.6,3.9
337,1.0462,50,1.0462,127.7,182.8,2.7,4.8
338,1.0898,48,1.0898,129.4,185.6,4.4,7.6
339,1.113,47,1.113,130.4,174.6,5.4,-3.4
340,1.1372,46,1.1372,100.9,159.8,-24.1,-18.2
341,1.1625,45,1.1625,103.0,171.7,-22.0,-6.3
342,1.1889,44,1.1889,104.3,174.5,-20.7,-3.5
343,1.2165,43,1.2165,104.9,161.1,-20.1,-16.9
344,1.2165,43,1.2165,103.0,174.4,-22.0,-3.6
345,1.2455,42,1.2455,103.8,158.1,-21.2,-19.9
346,1.2759,41,1.2759,104.8,160.0,-20.2,-18.0
347,1.2759,41,1.2759,102.9,158.2,-22.1,-19.8
348,1.3078,40,1.3078,104.3,161.1,-20.7,-16.9
349,1.3413,39,1.3413,104.2,161.9,-20.8,-16.1
350,1.3413,39,1.3413,102.8,158.0,-22.2,-20.0
351,1.3766,38,1.3766,103.0,160.6,-22.0,-17.4
352,1.4138,37,1.4138,103.5,163.4,-21.5,-14.6
353,1.4138,37,1.4138,103.3,160.4,-21.7,-17.6
354,1.6347,32,1.6347,116.8,182.3,-8.2,4.3
355,1.6874,31,1.6874,119.0,185.1,-6.0,7.1
356,1.6874,31,1.6874,116.6,180.9,-8.4,2.9
357,1.6874,31,1.6874,115.8,178.0,-9.2,-0.0
358,1.7437,30,1.7437,117.8,179.5,-7.2,1.5
359,1.7437,30,1.7437,116.3,178.9,-8.7,0.9
360,1.8038,29,1.8038,117.8,182.6,-7.2,4.6
361,1.8038,29,1.8038,115.5,179.9,-9.5,1.9
362,1.6347,32,1.6347,104.2,161.0,-20.8,-17.0
363,1.8682,28,1.8682,117.0,181.5,-8.0,3.5
364,1.6874,31,1.6874,102.5,161.2,-22.5,-16.8
365,1.8682,28,1.8682,110.5,176.8,-14.5,-1.2
366,1.7437,30,1.7437,91.6,145.8,-33.4,-32.2
368,1.9374,27,1.9374,85.9,183.0,-39.1,5.0
371,2.0119,26,2.0119,89.6,170.8,-35.4,-7.2
374,2.0924,25,2.0924,106.6,194.4,-18.4,16.4
376,2.1796,24,2.1796,111.1,199.6,-13.9,21.6
377,2.1796,24,2.1796,115.4,199.3,-9.6,21.3
379,2.2744,23,2.2744,110.8,205.1,-14.2,27.1
382,2.2744,23,2.2744,111.7,201.3,-13.3,23.3
388,2.3778,22,2.3778,88.5,194.4,-36.5,16.4
389,2.3778,22,2.3778,93.8,149.5,-31.2,-28.5
