frame,d_main_px,z_mm,z_m,alarm
1,20,2615.5,2.6155,0
2,20,2615.5,2.6155,0
3,20,2615.5,2.6155,0
4,20,2615.5,2.6155,0
5,20,2615.5,2.6155,0
6,20,2615.5,2.6155,0
7,20,2615.5,2.6155,0
8,20,2615.5,2.6155,0
9,20,2615.5,2.6155,0
10,20,2615.5,2.6155,0
11,20,2615.5,2.6155,0
12,20,2615.5,2.6155,0
13,20,2615.5,2.6155,0
14,20,2615.5,2.6155,0
15,20,2615.5,2.6155,0
16,20,2615.5,2.6155,0
17,20,2615.5,2.6155,0
18,20,2615.5,2.6155,0
19,20,2615.5,2.6155,0
20,20,2615.5,2.6155,0
21,20,2615.5,2.6155,0
22,21,2491.0,2.491,0
23,21,2491.0,2.491,0
24,21,2491.0,2.491,0
25,21,2491.0,2.491,0
26,21,2491.0,2.491,0
27,21,2491.0,2.491,0
28,21,2491.0,2.491,0
29,21,2491.0,2.491,0
30,21,2491.0,2.491,0
31,21,2491.0,2.491,0
32,21,2491.0,2.491,0
33,21,2491.0,2.491,0
34,22,2377.8,2.3778,0
35,22,2377.8,2.3778,0
36,22,2377.8,2.3778,0
37,22,2377.8,2.3778,0
38,22,2377.8,2.3778,0
39,22,2377.8,2.3778,0
40,22,2377.8,2.3778,0
41,22,2377.8,2.3778,0
42,22,2377.8,2.3778,0
43,23,2274.4,2.2744,0
44,23,2274.4,2.2744,0
45,23,2274.4,2.2744,0
46,23,2274.4,2.2744,0
47,23,2274.4,2.2744,0
48,23,2274.4,2.2744,0
49,24,2179.6,2.1796,0
50,24,2179.6,2.1796,0
51,24,2179.6,2.1796,0
52,24,2179.6,2.1796,0
53,24,2179.6,2.1796,0
54,23,2274.4,2.2744,0
55,25,2092.4,2.0924,0
56,25,2092.4,2.0924,0
57,25,2092.4,2.0924,0
58,23,2274.4,2.2744,0
59,26,2011.9,2.0119,0
60,26,2011.9,2.0119,0
61,26,2011.9,2.0119,0
62,24,2179.6,2.1796,0
63,27,1937.4,1.9374,0
64,27,1937.4,1.9374,0
65,27,1937.4,1.9374,0
66,25,2092.4,2.0924,0
67,28,1868.2,1.8682,0
68,28,1868.2,1.8682,0
69,28,1868.2,1.8682,0
70,26,2011.9,2.0119,0
71,29,1803.8,1.8038,0
72,29,1803.8,1.8038,0
73,29,1803.8,1.8038,0
74,30,1743.7,1.7437,0
75,30,1743.7,1.7437,0
76,27,1937.4,1.9374,0
77,31,1687.4,1.6874,0
78,31,1687.4,1.6874,0
79,31,1687.4,1.6874,0
80,32,1634.7,1.6347,0
81,32,1634.7,1.6347,0
82,33,1585.2,1.5852,0
83,33,1585.2,1.5852,0
84,33,1585.2,1.5852,0
85,34,1538.5,1.5385,0
86,34,1538.5,1.5385,0
87,34,1538.5,1.5385,0
88,35,1494.6,1.4946,0
89,35,1494.6,1.4946,0
90,36,1453.1,1.4531,0
91,36,1453.1,1.4531,0
92,36,1453.1,1.4531,0
93,37,1413.8,1.4138,0
94,37,1413.8,1.4138,0
95,38,1376.6,1.3766,0
96,38,1376.6,1.3766,0
97,38,1376.6,1.3766,0
98,39,1341.3,1.3413,0
99,39,1341.3,1.3413,0
100,40,1307.8,1.3078,0
101,40,1307.8,1.3078,0
102,41,1275.9,1.2759,0
103,42,1245.5,1.2455,0
104,42,1245.5,1.2455,0
105,43,1216.5,1.2165,0
106,43,1216.5,1.2165,0
107,44,1188.9,1.1889,0
108,44,1188.9,1.1889,0
109,45,1162.5,1.1625,0
110,46,1137.2,1.1372,0
111,47,1113.0,1.113,0
112,47,1113.0,1.113,0
113,48,1089.8,1.0898,0
114,49,1067.6,1.0676,0
115,50,1046.2,1.0462,0
116,50,1046.2,1.0462,0
117,51,1025.7,1.0257,0
118,52,1006.0,1.006,0
119,53,987.0,0.987,0
120,54,968.7,0.9687,0
121,55,951.1,0.9511,0
122,55,951.1,0.9511,0
123,56,934.1,0.9341,0
124,57,917.7,0.9177,0
125,59,886.6,0.8866,0
126,59,886.6,0.8866,0
127,61,857.6,0.8576,0
128,62,843.7,0.8437,0
129,63,830.3,0.8303,0
130,64,817.4,0.8174,0
131,65,804.8,0.8048,0
132,66,792.6,0.7926,1
133,67,780.8,0.7808,1
134,68,769.3,0.7693,1
135,69,758.1,0.7581,1
136,71,736.8,0.7368,1
137,72,726.5,0.7265,1
138,73,716.6,0.7166,1
139,74,706.9,0.7069,1
140,74,706.9,0.7069,1
141,75,697.5,0.6975,1
142,75,697.5,0.6975,1
143,74,706.9,0.7069,1
144,74,706.9,0.7069,1
145,73,716.6,0.7166,1
146,72,726.5,0.7265,1
147,71,736.8,0.7368,1
148,69,758.1,0.7581,1
149,68,769.3,0.7693,1
150,67,780.8,0.7808,1
151,66,792.6,0.7926,1
152,64,817.4,0.8174,0
153,63,830.3,0.8303,0
154,62,843.7,0.8437,0
155,61,857.6,0.8576,0
156,60,871.8,0.8718,0
157,59,886.6,0.8866,0
158,58,901.9,0.9019,0
159,57,917.7,0.9177,0
160,56,934.1,0.9341,0
161,56,934.1,0.9341,0
162,55,951.1,0.9511,0
163,54,968.7,0.9687,0
164,53,987.0,0.987,0
165,53,987.0,0.987,0
166,52,1006.0,1.006,0
167,51,1025.7,1.0257,0
168,51,1025.7,1.0257,0
169,51,1025.7,1.0257,0
170,50,1046.2,1.0462,0
171,50,1046.2,1.0462,0
172,50,1046.2,1.0462,0
173,49,1067.6,1.0676,0
174,49,1067.6,1.0676,0
175,48,1089.8,1.0898,0
176,48,1089.8,1.0898,0
177,47,1113.0,1.113,0
178,47,1113.0,1.113,0
179,46,1137.2,1.1372,0
180,46,1137.2,1.1372,0
181,45,1162.5,1.1625,0
182,44,1188.9,1.1889,0
183,44,1188.9,1.1889,0
184,43,1216.5,1.2165,0
185,43,1216.5,1.2165,0
186,42,1245.5,1.2455,0
187,41,1275.9,1.2759,0
188,41,1275.9,1.2759,0
189,40,1307.8,1.3078,0
190,40,1307.8,1.3078,0
191,40,1307.8,1.3078,0
192,39,1341.3,1.3413,0
193,39,1341.3,1.3413,0
194,38,1376.6,1.3766,0
195,37,1413.8,1.4138,0
196,37,1413.8,1.4138,0
197,37,1413.8,1.4138,0
198,36,1453.1,1.4531,0
199,36,1453.1,1.4531,0
200,35,1494.6,1.4946,0
201,35,1494.6,1.4946,0
202,35,1494.6,1.4946,0
203,34,1538.5,1.5385,0
204,34,1538.5,1.5385,0
205,33,1585.2,1.5852,0
206,33,1585.2,1.5852,0
207,32,1634.7,1.6347,0
208,32,1634.7,1.6347,0
209,32,1634.7,1.6347,0
210,31,1687.4,1.6874,0
211,31,1687.4,1.6874,0
212,31,1687.4,1.6874,0
213,30,1743.7,1.7437,0
214,30,1743.7,1.7437,0
215,27,1937.4,1.9374,0
216,29,1803.8,1.8038,0
217,29,1803.8,1.8038,0
218,29,1803.8,1.8038,0
219,29,1803.8,1.8038,0
220,26,2011.9,2.0119,0
221,26,2011.9,2.0119,0
222,26,2011.9,2.0119,0
223,28,1868.2,1.8682,0
224,28,1868.2,1.8682,0
225,28,1868.2,1.8682,0
226,28,1868.2,1.8682,0
227,28,1868.2,1.8682,0
228,28,1868.2,1.8682,0
229,28,1868.2,1.8682,0
230,28,1868.2,1.8682,0
231,28,1868.2,1.8682,0
232,26,2011.9,2.0119,0
233,29,1803.8,1.8038,0
234,29,1803.8,1.8038,0
235,29,1803.8,1.8038,0
236,29,1803.8,1.8038,0
237,30,1743.7,1.7437,0
238,30,1743.7,1.7437,0
239,30,1743.7,1.7437,0
240,30,1743.7,1.7437,0
241,31,1687.4,1.6874,0
242,31,1687.4,1.6874,0
243,31,1687.4,1.6874,0
244,31,1687.4,1.6874,0
245,32,1634.7,1.6347,0
246,32,1634.7,1.6347,0
247,32,1634.7,1.6347,0
248,33,1585.2,1.5852,0
249,33,1585.2,1.5852,0
250,33,1585.2,1.5852,0
251,33,1585.2,1.5852,0
252,34,1538.5,1.5385,0
253,34,1538.5,1.5385,0
254,35,1494.6,1.4946,0
255,35,1494.6,1.4946,0
256,36,1453.1,1.4531,0
257,36,1453.1,1.4531,0
258,37,1413.8,1.4138,0
259,37,1413.8,1.4138,0
260,38,1376.6,1.3766,0
261,38,1376.6,1.3766,0
262,39,1341.3,1.3413,0
263,40,1307.8,1.3078,0
264,40,1307.8,1.3078,0
265,41,1275.9,1.2759,0
266,42,1245.5,1.2455,0
267,42,1245.5,1.2455,0
268,43,1216.5,1.2165,0
269,44,1188.9,1.1889,0
270,45,1162.5,1.1625,0
271,45,1162.5,1.1625,0
272,46,1137.2,1.1372,0
273,47,1113.0,1.113,0
274,48,1089.8,1.0898,0
275,49,1067.6,1.0676,0
276,50,1046.2,1.0462,0
277,51,1025.7,1.0257,0
278,52,1006.0,1.006,0
279,54,968.7,0.9687,0
280,55,951.1,0.9511,0
281,56,934.1,0.9341,0
282,58,901.9,0.9019,0
283,59,886.6,0.8866,0
284,61,857.6,0.8576,0
285,63,830.3,0.8303,0
286,64,817.4,0.8174,0
287,66,792.6,0.7926,1
288,68,769.3,0.7693,1
289,70,747.3,0.7473,1
290,71,736.8,0.7368,1
291,74,706.9,0.7069,1
292,76,688.3,0.6883,1
293,78,670.6,0.6706,1
294,80,653.9,0.6539,1
295,83,630.2,0.6302,1
296,85,615.4,0.6154,1
297,87,601.3,0.6013,1
298,90,581.2,0.5812,1
299,92,568.6,0.5686,1
300,96,544.9,0.5449,1
301,97,539.3,0.5393,1
302,99,528.4,0.5284,1
303,102,512.8,0.5128,1
304,105,498.2,0.4982,1
305,106,493.5,0.4935,1
306,108,484.4,0.4844,1
307,110,475.6,0.4756,1
308,111,471.3,0.4713,1
309,113,462.9,0.4629,1
310,113,462.9,0.4629,1
311,110,475.6,0.4756,1
312,109,479.9,0.4799,1
313,106,493.5,0.4935,1
314,103,507.9,0.5079,1
315,99,528.4,0.5284,1
316,95,550.6,0.5506,1
317,92,568.6,0.5686,1
318,89,587.8,0.5878,1
319,85,615.4,0.6154,1
320,82,637.9,0.6379,1
321,79,662.2,0.6622,1
322,76,688.3,0.6883,1
323,73,716.6,0.7166,1
324,71,736.8,0.7368,1
325,68,769.3,0.7693,1
326,66,792.6,0.7926,1
327,64,817.4,0.8174,0
328,62,843.7,0.8437,0
329,61,857.6,0.8576,0
330,59,886.6,0.8866,0
331,57,917.7,0.9177,0
332,56,934.1,0.9341,0
333,55,951.1,0.9511,0
334,53,987.0,0.987,0
335,52,1006.0,1.006,0
336,51,1025.7,1.0257,0
337,50,1046.2,1.0462,0
338,49,1067.6,1.0676,0
339,47,1113.0,1.113,0
340,46,1137.2,1.1372,0
341,45,1162.5,1.1625,0
342,44,1188.9,1.1889,0
343,44,1188.9,1.1889,0
344,43,1216.5,1.2165,0
345,42,1245.5,1.2455,0
346,41,1275.9,1.2759,0
347,41,1275.9,1.2759,0
348,40,1307.8,1.3078,0
349,39,1341.3,1.3413,0
350,39,1341.3,1.3413,0
351,38,1376.6,1.3766,0
352,37,1413.8,1.4138,0
353,37,1413.8,1.4138,0
354,36,1453.1,1.4531,0
355,36,1453.1,1.4531,0
356,35,1494.6,1.4946,0
357,34,1538.5,1.5385,0
358,34,1538.5,1.5385,0
359,33,1585.2,1.5852,0
360,33,1585.2,1.5852,0
361,32,1634.7,1.6347,0
362,32,1634.7,1.6347,0
363,32,1634.7,1.6347,0
364,31,1687.4,1.6874,0
365,31,1687.4,1.6874,0
366,30,1743.7,1.7437,0
367,30,1743.7,1.7437,0
368,30,1743.7,1.7437,0
369,29,1803.8,1.8038,0
370,29,1803.8,1.8038,0
371,29,1803.8,1.8038,0
372,28,1868.2,1.8682,0
373,28,1868.2,1.8682,0
374,25,2092.4,2.0924,0
375,27,1937.4,1.9374,0
376,27,1937.4,1.9374,0
377,24,2179.6,2.1796,0
378,24,2179.6,2.1796,0
379,23,2274.4,2.2744,0
380,23,2274.4,2.2744,0
381,23,2274.4,2.2744,0
382,23,2274.4,2.2744,0
383,23,2274.4,2.2744,0
384,23,2274.4,2.2744,0
385,23,2274.4,2.2744,0
386,22,2377.8,2.3778,0
387,22,2377.8,2.3778,0
388,22,2377.8,2.3778,0
389,22,2377.8,2.3778,0
